csv_phase,scan_ns,submit_ns,decode_aggregate_ns,decode_jobs,drain_release_ns,collect_ns,concat_ns,mapped_total_ns,7797892,620413,367978016,513,4874943,2600594,1002528,18189073
engine,scenario,workers,iteration,read_ns,rows,width,nulls
csv_phase,scan_ns,submit_ns,decode_aggregate_ns,decode_jobs,drain_release_ns,collect_ns,concat_ns,mapped_total_ns,8966027,6556725,312688266,513,1513477,2551334,953989,21846482
explicit,projected,32,0,21910591,1000000,2,0
csv_phase,scan_ns,submit_ns,decode_aggregate_ns,decode_jobs,drain_release_ns,collect_ns,concat_ns,mapped_total_ns,7797319,849672,321666502,513,3636071,2581363,895701,17104786
explicit,projected,32,1,17189464,1000000,2,0
csv_phase,scan_ns,submit_ns,decode_aggregate_ns,decode_jobs,drain_release_ns,collect_ns,concat_ns,mapped_total_ns,7779404,522824,317492315,513,3262589,2577253,898910,16452750
explicit,projected,32,2,16539358,1000000,2,0
csv_phase,scan_ns,submit_ns,decode_aggregate_ns,decode_jobs,drain_release_ns,collect_ns,concat_ns,mapped_total_ns,7752860,565557,329366358,513,3831967,2608293,908410,17064427
explicit,projected,32,3,17150075,1000000,2,0
csv_phase,scan_ns,submit_ns,decode_aggregate_ns,decode_jobs,drain_release_ns,collect_ns,concat_ns,mapped_total_ns,7831229,948638,299678546,513,2609204,2557804,937489,16260375
explicit,projected,32,4,16351383,1000000,2,0
csv_phase,scan_ns,submit_ns,decode_aggregate_ns,decode_jobs,drain_release_ns,collect_ns,concat_ns,mapped_total_ns,7897267,698935,297021242,513,2319389,2559324,891840,15744905
explicit,projected,32,5,15830874,1000000,2,0
csv_phase,scan_ns,submit_ns,decode_aggregate_ns,decode_jobs,drain_release_ns,collect_ns,concat_ns,mapped_total_ns,7874413,873747,297826072,513,2607263,2579213,892821,16202956
explicit,projected,32,6,16291305,1000000,2,0
