rayon_phase,scan_ns,spawn_ns,decode_aggregate_ns,decode_jobs,scope_ns,scope_tail_ns,collect_ns,concat_ns,mapped_total_ns,9434783,209946,310568167,513,11063559,1208354,2755860,980209,16345033
engine,scenario,workers,iteration,read_ns,rows,width,nulls
rayon_phase,scan_ns,spawn_ns,decode_aggregate_ns,decode_jobs,scope_ns,scope_tail_ns,collect_ns,concat_ns,mapped_total_ns,9509573,238213,292332649,513,10902241,1004568,2718960,923770,14572191
explicit,projected,32,0,14604661,1000000,2,0
rayon_phase,scan_ns,spawn_ns,decode_aggregate_ns,decode_jobs,scope_ns,scope_tail_ns,collect_ns,concat_ns,mapped_total_ns,13725562,364409,383979494,513,15195048,910410,2686401,966619,18873757
explicit,projected,32,1,18944966,1000000,2,0
rayon_phase,scan_ns,spawn_ns,decode_aggregate_ns,decode_jobs,scope_ns,scope_tail_ns,collect_ns,concat_ns,mapped_total_ns,13104528,355709,402601895,513,14891515,1227973,2666692,892681,18483107
explicit,projected,32,2,18552594,1000000,2,0
rayon_phase,scan_ns,spawn_ns,decode_aggregate_ns,decode_jobs,scope_ns,scope_tail_ns,collect_ns,concat_ns,mapped_total_ns,13311119,353401,397951766,513,14891255,1022038,2685252,910130,18518066
explicit,projected,32,3,18590593,1000000,2,0
rayon_phase,scan_ns,spawn_ns,decode_aggregate_ns,decode_jobs,scope_ns,scope_tail_ns,collect_ns,concat_ns,mapped_total_ns,13142342,311154,419617490,513,14853235,1205174,2687541,902491,18466666
explicit,projected,32,4,18535945,1000000,2,0
rayon_phase,scan_ns,spawn_ns,decode_aggregate_ns,decode_jobs,scope_ns,scope_tail_ns,collect_ns,concat_ns,mapped_total_ns,13051703,292646,432276682,513,15052581,1528857,2683091,916490,18677781
explicit,projected,32,5,18742650,1000000,2,0
rayon_phase,scan_ns,spawn_ns,decode_aggregate_ns,decode_jobs,scope_ns,scope_tail_ns,collect_ns,concat_ns,mapped_total_ns,13109199,310038,435112053,513,15315405,1712472,2656982,891711,18888117
explicit,projected,32,6,18964855,1000000,2,0
