left_rows,right_rows,duplicates,orientation,rep,ns
4096,4096,1,right,0,376000
4096,4096,1,left,0,491000
4096,4096,1,left,1,487000
4096,4096,1,right,1,377000
4096,4096,1,right,2,369000
4096,4096,1,left,2,504000
4096,4096,1,left,3,639000
4096,4096,1,right,3,537000
4096,4096,1,right,4,467000
4096,4096,1,left,4,631000
4096,4096,4,right,0,431000
4096,4096,4,left,0,619000
4096,4096,4,left,1,534000
4096,4096,4,right,1,336000
4096,4096,4,right,2,337000
4096,4096,4,left,2,525000
4096,4096,4,left,3,496000
4096,4096,4,right,3,312000
4096,4096,4,right,4,319000
4096,4096,4,left,4,521000
4096,8192,1,right,0,226000
4096,8192,1,left,0,290000
4096,8192,1,left,1,302000
4096,8192,1,right,1,212000
4096,8192,1,right,2,202000
4096,8192,1,left,2,289000
4096,8192,1,left,3,293000
4096,8192,1,right,3,215000
4096,8192,1,right,4,208000
4096,8192,1,left,4,291000
4096,8192,4,right,0,207000
4096,8192,4,left,0,314000
4096,8192,4,left,1,323000
4096,8192,4,right,1,384000
4096,8192,4,right,2,410000
4096,8192,4,left,2,613000
4096,8192,4,left,3,611000
4096,8192,4,right,3,401000
4096,8192,4,right,4,409000
4096,8192,4,left,4,604000
4096,16384,1,right,0,575000
4096,16384,1,left,0,932000
4096,16384,1,left,1,913000
4096,16384,1,right,1,567000
4096,16384,1,right,2,624000
4096,16384,1,left,2,870000
4096,16384,1,left,3,768000
4096,16384,1,right,3,491000
4096,16384,1,right,4,531000
4096,16384,1,left,4,794000
4096,16384,4,right,0,584000
4096,16384,4,left,0,789000
4096,16384,4,left,1,796000
4096,16384,4,right,1,543000
4096,16384,4,right,2,585000
4096,16384,4,left,2,747000
4096,16384,4,left,3,688000
4096,16384,4,right,3,467000
4096,16384,4,right,4,467000
4096,16384,4,left,4,676000
4096,32768,1,right,0,723000
4096,32768,1,left,0,1220000
4096,32768,1,left,1,1253000
4096,32768,1,right,1,727000
4096,32768,1,right,2,672000
4096,32768,1,left,2,1061000
4096,32768,1,left,3,1084000
4096,32768,1,right,3,634000
4096,32768,1,right,4,626000
4096,32768,1,left,4,1052000
4096,32768,4,right,0,557000
4096,32768,4,left,0,974000
4096,32768,4,left,1,995000
4096,32768,4,right,1,556000
4096,32768,4,right,2,556000
4096,32768,4,left,2,963000
4096,32768,4,left,3,963000
4096,32768,4,right,3,553000
4096,32768,4,right,4,559000
4096,32768,4,left,4,936000
4096,65536,1,right,0,942000
4096,65536,1,left,0,1537000
4096,65536,1,left,1,1543000
4096,65536,1,right,1,872000
4096,65536,1,right,2,864000
4096,65536,1,left,2,1433000
4096,65536,1,left,3,1416000
4096,65536,1,right,3,813000
4096,65536,1,right,4,808000
4096,65536,1,left,4,1340000
4096,65536,4,right,0,735000
4096,65536,4,left,0,1313000
4096,65536,4,left,1,1297000
4096,65536,4,right,1,737000
4096,65536,4,right,2,708000
4096,65536,4,left,2,1273000
4096,65536,4,left,3,1235000
4096,65536,4,right,3,720000
4096,65536,4,right,4,735000
4096,65536,4,left,4,1233000
4096,131072,1,right,0,888000
4096,131072,1,left,0,1481000
4096,131072,1,left,1,1394000
4096,131072,1,right,1,871000
4096,131072,1,right,2,876000
4096,131072,1,left,2,1447000
4096,131072,1,left,3,1420000
4096,131072,1,right,3,966000
4096,131072,1,right,4,877000
4096,131072,1,left,4,1421000
4096,131072,4,right,0,886000
4096,131072,4,left,0,1523000
4096,131072,4,left,1,1527000
4096,131072,4,right,1,874000
4096,131072,4,right,2,864000
4096,131072,4,left,2,1526000
4096,131072,4,left,3,1446000
4096,131072,4,right,3,874000
4096,131072,4,right,4,859000
4096,131072,4,left,4,1524000
4096,262144,1,right,0,1556000
4096,262144,1,left,0,1539000
4096,262144,1,left,1,1500000
4096,262144,1,right,1,1578000
4096,262144,1,right,2,1702000
4096,262144,1,left,2,1528000
4096,262144,1,left,3,1457000
4096,262144,1,right,3,1521000
4096,262144,1,right,4,1594000
4096,262144,1,left,4,1526000
4096,262144,4,right,0,1971000
4096,262144,4,left,0,1630000
4096,262144,4,left,1,1583000
4096,262144,4,right,1,1812000
4096,262144,4,right,2,1596000
4096,262144,4,left,2,1658000
4096,262144,4,left,3,1558000
4096,262144,4,right,3,2398000
4096,262144,4,right,4,2598000
4096,262144,4,left,4,1636000
4096,524288,1,right,0,3928000
4096,524288,1,left,0,2775000
4096,524288,1,left,1,2734000
4096,524288,1,right,1,3899000
4096,524288,1,right,2,3871000
4096,524288,1,left,2,2781000
4096,524288,1,left,3,2745000
4096,524288,1,right,3,3803000
4096,524288,1,right,4,3696000
4096,524288,1,left,4,2796000
4096,524288,4,right,0,3671000
4096,524288,4,left,0,2899000
4096,524288,4,left,1,2886000
4096,524288,4,right,1,3667000
4096,524288,4,right,2,3782000
4096,524288,4,left,2,2897000
4096,524288,4,left,3,2829000
4096,524288,4,right,3,3777000
4096,524288,4,right,4,3780000
4096,524288,4,left,4,2904000
4096,1048576,1,right,0,9549000
4096,1048576,1,left,0,5295000
4096,1048576,1,left,1,5277000
4096,1048576,1,right,1,10062000
4096,1048576,1,right,2,9750000
4096,1048576,1,left,2,5326000
4096,1048576,1,left,3,5304000
4096,1048576,1,right,3,9464000
4096,1048576,1,right,4,10297000
4096,1048576,1,left,4,5325000
4096,1048576,4,right,0,9214000
4096,1048576,4,left,0,5440000
4096,1048576,4,left,1,5374000
4096,1048576,4,right,1,9164000
4096,1048576,4,right,2,8971000
4096,1048576,4,left,2,5436000
4096,1048576,4,left,3,5358000
4096,1048576,4,right,3,9108000
4096,1048576,4,right,4,8962000
4096,1048576,4,left,4,5421000
4096,2097152,1,right,0,22098000
4096,2097152,1,left,0,10481000
4096,2097152,1,left,1,10457000
4096,2097152,1,right,1,21860000
4096,2097152,1,right,2,23077000
4096,2097152,1,left,2,10533000
4096,2097152,1,left,3,10402000
4096,2097152,1,right,3,21926000
4096,2097152,1,right,4,22178000
4096,2097152,1,left,4,10474000
4096,2097152,4,right,0,22732000
4096,2097152,4,left,0,10659000
4096,2097152,4,left,1,10516000
4096,2097152,4,right,1,21940000
4096,2097152,4,right,2,22417000
4096,2097152,4,left,2,10654000
4096,2097152,4,left,3,10507000
4096,2097152,4,right,3,21575000
4096,2097152,4,right,4,22778000
4096,2097152,4,left,4,10647000
4096,4194304,1,right,0,47014000
4096,4194304,1,left,0,21243000
4096,4194304,1,left,1,21010000
4096,4194304,1,right,1,49436000
4096,4194304,1,right,2,48034000
4096,4194304,1,left,2,21095000
4096,4194304,1,left,3,20967000
4096,4194304,1,right,3,48478000
4096,4194304,1,right,4,46263000
4096,4194304,1,left,4,21065000
4096,4194304,4,right,0,45096000
4096,4194304,4,left,0,21299000
4096,4194304,4,left,1,20972000
4096,4194304,4,right,1,45319000
4096,4194304,4,right,2,45881000
4096,4194304,4,left,2,21132000
4096,4194304,4,left,3,20987000
4096,4194304,4,right,3,46818000
4096,4194304,4,right,4,46131000
4096,4194304,4,left,4,21131000
131072,131072,1,right,0,2070000
131072,131072,1,left,0,3312000
131072,131072,1,left,1,3356000
131072,131072,1,right,1,1999000
131072,131072,1,right,2,2005000
131072,131072,1,left,2,3424000
131072,131072,1,left,3,3359000
131072,131072,1,right,3,1999000
131072,131072,1,right,4,1960000
131072,131072,1,left,4,3367000
131072,131072,4,right,0,2015000
131072,131072,4,left,0,3708000
131072,131072,4,left,1,3700000
131072,131072,4,right,1,2069000
131072,131072,4,right,2,2024000
131072,131072,4,left,2,3742000
131072,131072,4,left,3,3719000
131072,131072,4,right,3,1995000
131072,131072,4,right,4,2037000
131072,131072,4,left,4,3754000
131072,262144,1,right,0,3255000
131072,262144,1,left,0,3873000
131072,262144,1,left,1,3827000
131072,262144,1,right,1,2903000
131072,262144,1,right,2,2867000
131072,262144,1,left,2,3902000
131072,262144,1,left,3,3831000
131072,262144,1,right,3,3429000
131072,262144,1,right,4,3762000
131072,262144,1,left,4,3882000
131072,262144,4,right,0,3835000
131072,262144,4,left,0,4822000
131072,262144,4,left,1,4843000
131072,262144,4,right,1,4734000
131072,262144,4,right,2,5594000
131072,262144,4,left,2,4847000
131072,262144,4,left,3,4803000
131072,262144,4,right,3,3812000
131072,262144,4,right,4,3837000
131072,262144,4,left,4,4829000
131072,524288,1,right,0,5783000
131072,524288,1,left,0,5645000
131072,524288,1,left,1,5551000
131072,524288,1,right,1,5746000
131072,524288,1,right,2,5854000
131072,524288,1,left,2,5581000
131072,524288,1,left,3,5560000
131072,524288,1,right,3,5788000
131072,524288,1,right,4,5786000
131072,524288,1,left,4,5551000
131072,524288,4,right,0,7790000
131072,524288,4,left,0,8201000
131072,524288,4,left,1,8158000
131072,524288,4,right,1,7682000
131072,524288,4,right,2,7800000
131072,524288,4,left,2,8221000
131072,524288,4,left,3,8182000
131072,524288,4,right,3,7908000
131072,524288,4,right,4,7877000
131072,524288,4,left,4,8298000
131072,1048576,1,right,0,11822000
131072,1048576,1,left,0,8659000
131072,1048576,1,left,1,8693000
131072,1048576,1,right,1,11908000
131072,1048576,1,right,2,11794000
131072,1048576,1,left,2,8673000
131072,1048576,1,left,3,8870000
131072,1048576,1,right,3,11697000
131072,1048576,1,right,4,11834000
131072,1048576,1,left,4,8678000
131072,1048576,4,right,0,14247000
131072,1048576,4,left,0,11395000
131072,1048576,4,left,1,11426000
131072,1048576,4,right,1,14189000
131072,1048576,4,right,2,14911000
131072,1048576,4,left,2,11539000
131072,1048576,4,left,3,11424000
131072,1048576,4,right,3,14481000
131072,1048576,4,right,4,14606000
131072,1048576,4,left,4,11417000
131072,2097152,1,right,0,24807000
131072,2097152,1,left,0,14878000
131072,2097152,1,left,1,14918000
131072,2097152,1,right,1,24302000
131072,2097152,1,right,2,24771000
131072,2097152,1,left,2,14888000
131072,2097152,1,left,3,14810000
131072,2097152,1,right,3,24127000
131072,2097152,1,right,4,25504000
131072,2097152,1,left,4,14894000
131072,2097152,4,right,0,29494000
131072,2097152,4,left,0,17909000
131072,2097152,4,left,1,17484000
131072,2097152,4,right,1,30354000
131072,2097152,4,right,2,30093000
131072,2097152,4,left,2,17593000
131072,2097152,4,left,3,17547000
131072,2097152,4,right,3,29504000
131072,2097152,4,right,4,29695000
131072,2097152,4,left,4,17705000
131072,4194304,1,right,0,48528000
131072,4194304,1,left,0,27299000
131072,4194304,1,left,1,27225000
131072,4194304,1,right,1,49807000
131072,4194304,1,right,2,50041000
131072,4194304,1,left,2,27335000
131072,4194304,1,left,3,27102000
131072,4194304,1,right,3,49953000
131072,4194304,1,right,4,49076000
131072,4194304,1,left,4,27383000
131072,4194304,4,right,0,56491000
131072,4194304,4,left,0,29873000
131072,4194304,4,left,1,30100000
131072,4194304,4,right,1,57955000
131072,4194304,4,right,2,55517000
131072,4194304,4,left,2,29881000
131072,4194304,4,left,3,30128000
131072,4194304,4,right,3,56170000
131072,4194304,4,right,4,54652000
131072,4194304,4,left,4,29938000
131072,8388608,1,right,0,100453000
131072,8388608,1,left,0,51868000
131072,8388608,1,left,1,51742000
131072,8388608,1,right,1,96970000
131072,8388608,1,right,2,98297000
131072,8388608,1,left,2,52111000
131072,8388608,1,left,3,51826000
131072,8388608,1,right,3,98868000
131072,8388608,1,right,4,101795000
131072,8388608,1,left,4,51703000
131072,8388608,4,right,0,104387000
131072,8388608,4,left,0,54866000
131072,8388608,4,left,1,55127000
131072,8388608,4,right,1,105609000
131072,8388608,4,right,2,105323000
131072,8388608,4,left,2,54960000
131072,8388608,4,left,3,54713000
131072,8388608,4,right,3,103704000
131072,8388608,4,right,4,104988000
131072,8388608,4,left,4,54521000
