case,layout,rows,threads,round,engine,sample,ns,peak_rss_mib
highcardinality,base,1000000,8,0,mojo,0,5910115,48.0390625
highcardinality,base,1000000,8,0,mojo,1,5161814,48.0390625
highcardinality,base,1000000,8,0,mojo,2,5112795,48.0390625
highcardinality,base,1000000,8,0,mojo,3,5146174,48.0390625
highcardinality,base,1000000,8,0,mojo,4,5101425,48.0390625
highcardinality,base,1000000,8,0,polars,0,2737153,98.37890625
highcardinality,base,1000000,8,0,polars,1,2251825,98.37890625
highcardinality,base,1000000,8,0,polars,2,2355092,98.37890625
highcardinality,base,1000000,8,0,polars,3,2054350,98.37890625
highcardinality,base,1000000,8,0,polars,4,2229056,98.37890625
highcardinality,base,1000000,8,0,duckdb,0,1823226,111.5625
highcardinality,base,1000000,8,0,duckdb,1,1735728,111.5625
highcardinality,base,1000000,8,0,duckdb,2,1513143,111.5625
highcardinality,base,1000000,8,0,duckdb,3,1782837,111.5625
highcardinality,base,1000000,8,0,duckdb,4,1844915,111.5625
highcardinality,base,1000000,8,1,polars,0,2448429,99.02734375
highcardinality,base,1000000,8,1,polars,1,2046330,99.02734375
highcardinality,base,1000000,8,1,polars,2,2214166,99.02734375
highcardinality,base,1000000,8,1,polars,3,1974632,99.02734375
highcardinality,base,1000000,8,1,polars,4,2042551,99.02734375
highcardinality,base,1000000,8,1,duckdb,0,1810776,111.953125
highcardinality,base,1000000,8,1,duckdb,1,1798466,111.953125
highcardinality,base,1000000,8,1,duckdb,2,1495234,111.953125
highcardinality,base,1000000,8,1,duckdb,3,1635720,111.953125
highcardinality,base,1000000,8,1,duckdb,4,1801196,111.953125
highcardinality,base,1000000,8,1,mojo,0,5275321,48.6640625
highcardinality,base,1000000,8,1,mojo,1,5083036,48.6640625
highcardinality,base,1000000,8,1,mojo,2,5059996,48.6640625
highcardinality,base,1000000,8,1,mojo,3,5032947,48.6640625
highcardinality,base,1000000,8,1,mojo,4,5054446,48.6640625
highcardinality,base,1000000,8,2,duckdb,0,1928322,111.46484375
highcardinality,base,1000000,8,2,duckdb,1,1780356,111.46484375
highcardinality,base,1000000,8,2,duckdb,2,1588531,111.46484375
highcardinality,base,1000000,8,2,duckdb,3,1693848,111.46484375
highcardinality,base,1000000,8,2,duckdb,4,1767667,111.46484375
highcardinality,base,1000000,8,2,mojo,0,5182714,47.98046875
highcardinality,base,1000000,8,2,mojo,1,5121825,47.98046875
highcardinality,base,1000000,8,2,mojo,2,5012928,47.98046875
highcardinality,base,1000000,8,2,mojo,3,5008218,47.98046875
highcardinality,base,1000000,8,2,mojo,4,5046227,47.98046875
highcardinality,base,1000000,8,2,polars,0,2241645,97.765625
highcardinality,base,1000000,8,2,polars,1,2079439,97.765625
highcardinality,base,1000000,8,2,polars,2,2093449,97.765625
highcardinality,base,1000000,8,2,polars,3,1986951,97.765625
highcardinality,base,1000000,8,2,polars,4,1846805,97.765625
highcardinality,shuffled,1000000,8,0,mojo,0,65097739,79.14453125
highcardinality,shuffled,1000000,8,0,mojo,1,62932451,79.14453125
highcardinality,shuffled,1000000,8,0,mojo,2,54206405,79.14453125
highcardinality,shuffled,1000000,8,0,mojo,3,62997101,79.14453125
highcardinality,shuffled,1000000,8,0,mojo,4,56677984,79.14453125
highcardinality,shuffled,1000000,8,0,polars,0,2592576,99.72265625
highcardinality,shuffled,1000000,8,0,polars,1,2248365,99.72265625
highcardinality,shuffled,1000000,8,0,polars,2,2313203,99.72265625
highcardinality,shuffled,1000000,8,0,polars,3,1906623,99.72265625
highcardinality,shuffled,1000000,8,0,polars,4,2125878,99.72265625
highcardinality,shuffled,1000000,8,0,duckdb,0,2496069,117.1328125
highcardinality,shuffled,1000000,8,0,duckdb,1,2307563,117.1328125
highcardinality,shuffled,1000000,8,0,duckdb,2,2279944,117.1328125
highcardinality,shuffled,1000000,8,0,duckdb,3,2180136,117.1328125
highcardinality,shuffled,1000000,8,0,duckdb,4,2240715,117.1328125
highcardinality,shuffled,1000000,8,1,polars,0,2275365,101.2890625
highcardinality,shuffled,1000000,8,1,polars,1,2075249,101.2890625
highcardinality,shuffled,1000000,8,1,polars,2,2122738,101.2890625
highcardinality,shuffled,1000000,8,1,polars,3,1929373,101.2890625
highcardinality,shuffled,1000000,8,1,polars,4,1951832,101.2890625
highcardinality,shuffled,1000000,8,1,duckdb,0,2691165,117.90625
highcardinality,shuffled,1000000,8,1,duckdb,1,2408061,117.90625
highcardinality,shuffled,1000000,8,1,duckdb,2,2139508,117.90625
highcardinality,shuffled,1000000,8,1,duckdb,3,2234846,117.90625
highcardinality,shuffled,1000000,8,1,duckdb,4,2080740,117.90625
highcardinality,shuffled,1000000,8,1,mojo,0,68015388,79.01171875
highcardinality,shuffled,1000000,8,1,mojo,1,55016016,79.01171875
highcardinality,shuffled,1000000,8,1,mojo,2,68021028,79.01171875
highcardinality,shuffled,1000000,8,1,mojo,3,54610415,79.01171875
highcardinality,shuffled,1000000,8,1,mojo,4,67901711,79.01171875
highcardinality,shuffled,1000000,8,2,duckdb,0,2658636,117.36328125
highcardinality,shuffled,1000000,8,2,duckdb,1,2645765,117.36328125
highcardinality,shuffled,1000000,8,2,duckdb,2,2402311,117.36328125
highcardinality,shuffled,1000000,8,2,duckdb,3,2559558,117.36328125
highcardinality,shuffled,1000000,8,2,duckdb,4,2210736,117.36328125
highcardinality,shuffled,1000000,8,2,mojo,0,55070295,79.34765625
highcardinality,shuffled,1000000,8,2,mojo,1,52858949,79.34765625
highcardinality,shuffled,1000000,8,2,mojo,2,53637299,79.34765625
highcardinality,shuffled,1000000,8,2,mojo,3,55418976,79.34765625
highcardinality,shuffled,1000000,8,2,mojo,4,53556922,79.34765625
highcardinality,shuffled,1000000,8,2,polars,0,2344603,100.26953125
highcardinality,shuffled,1000000,8,2,polars,1,2225095,100.26953125
highcardinality,shuffled,1000000,8,2,polars,2,2144768,100.26953125
highcardinality,shuffled,1000000,8,2,polars,3,2090579,100.26953125
highcardinality,shuffled,1000000,8,2,polars,4,2132448,100.26953125
highcardinality,wide,1000000,8,0,mojo,0,61490688,184.7734375
highcardinality,wide,1000000,8,0,mojo,1,57430728,184.7734375
highcardinality,wide,1000000,8,0,mojo,2,59863897,184.7734375
highcardinality,wide,1000000,8,0,mojo,3,59009439,184.7734375
highcardinality,wide,1000000,8,0,mojo,4,59999644,184.7734375
highcardinality,wide,1000000,8,0,polars,0,2431400,100.87890625
highcardinality,wide,1000000,8,0,polars,1,2118438,100.87890625
highcardinality,wide,1000000,8,0,polars,2,2207106,100.87890625
highcardinality,wide,1000000,8,0,polars,3,2204696,100.87890625
highcardinality,wide,1000000,8,0,polars,4,2126088,100.87890625
highcardinality,wide,1000000,8,0,duckdb,0,3470786,126.6796875
highcardinality,wide,1000000,8,0,duckdb,1,3674080,126.6796875
highcardinality,wide,1000000,8,0,duckdb,2,3499025,126.6796875
highcardinality,wide,1000000,8,0,duckdb,3,3536124,126.6796875
highcardinality,wide,1000000,8,0,duckdb,4,3319419,126.6796875
highcardinality,wide,1000000,8,1,polars,0,2518208,101.109375
highcardinality,wide,1000000,8,1,polars,1,2166437,101.109375
highcardinality,wide,1000000,8,1,polars,2,2239635,101.109375
highcardinality,wide,1000000,8,1,polars,3,2046720,101.109375
highcardinality,wide,1000000,8,1,polars,4,2119938,101.109375
highcardinality,wide,1000000,8,1,duckdb,0,3797797,124.5703125
highcardinality,wide,1000000,8,1,duckdb,1,3611312,124.5703125
highcardinality,wide,1000000,8,1,duckdb,2,3663150,124.5703125
highcardinality,wide,1000000,8,1,duckdb,3,3421046,124.5703125
highcardinality,wide,1000000,8,1,duckdb,4,3601662,124.5703125
highcardinality,wide,1000000,8,1,mojo,0,59115656,182.91796875
highcardinality,wide,1000000,8,1,mojo,1,70612165,182.91796875
highcardinality,wide,1000000,8,1,mojo,2,59304942,182.91796875
highcardinality,wide,1000000,8,1,mojo,3,60603800,182.91796875
highcardinality,wide,1000000,8,1,mojo,4,66020228,182.91796875
highcardinality,wide,1000000,8,2,duckdb,0,3549324,126.88671875
highcardinality,wide,1000000,8,2,duckdb,1,3743179,126.88671875
highcardinality,wide,1000000,8,2,duckdb,2,3413037,126.88671875
highcardinality,wide,1000000,8,2,duckdb,3,3225882,126.88671875
highcardinality,wide,1000000,8,2,duckdb,4,3306740,126.88671875
highcardinality,wide,1000000,8,2,mojo,0,60102003,185.65234375
highcardinality,wide,1000000,8,2,mojo,1,60603620,185.65234375
highcardinality,wide,1000000,8,2,mojo,2,67156490,185.65234375
highcardinality,wide,1000000,8,2,mojo,3,64149504,185.65234375
highcardinality,wide,1000000,8,2,mojo,4,61442190,185.65234375
highcardinality,wide,1000000,8,2,polars,0,2360042,100.375
highcardinality,wide,1000000,8,2,polars,1,2137478,100.375
highcardinality,wide,1000000,8,2,polars,2,2211146,100.375
highcardinality,wide,1000000,8,2,polars,3,2092809,100.375
highcardinality,wide,1000000,8,2,polars,4,2139807,100.375
duplicate_strings,base,1000000,8,0,mojo,0,138427531,242.0546875
duplicate_strings,base,1000000,8,0,mojo,1,132178033,242.0546875
duplicate_strings,base,1000000,8,0,mojo,2,123682400,242.0546875
duplicate_strings,base,1000000,8,0,mojo,3,144595490,242.0546875
duplicate_strings,base,1000000,8,0,mojo,4,134249612,242.0546875
duplicate_strings,base,1000000,8,0,polars,0,107696582,397.5
duplicate_strings,base,1000000,8,0,polars,1,105103044,397.5
duplicate_strings,base,1000000,8,0,polars,2,118006749,397.5
duplicate_strings,base,1000000,8,0,polars,3,111605495,397.5
duplicate_strings,base,1000000,8,0,polars,4,110117692,397.5
duplicate_strings,base,1000000,8,0,duckdb,0,18131968,141.8828125
duplicate_strings,base,1000000,8,0,duckdb,1,20907570,141.8828125
duplicate_strings,base,1000000,8,0,duckdb,2,20187617,141.8828125
duplicate_strings,base,1000000,8,0,duckdb,3,19213881,141.8828125
duplicate_strings,base,1000000,8,0,duckdb,4,20868131,141.8828125
duplicate_strings,base,1000000,8,1,polars,0,107417619,445.671875
duplicate_strings,base,1000000,8,1,polars,1,115603648,445.671875
duplicate_strings,base,1000000,8,1,polars,2,116387349,445.671875
duplicate_strings,base,1000000,8,1,polars,3,136219606,445.671875
duplicate_strings,base,1000000,8,1,polars,4,108199069,445.671875
duplicate_strings,base,1000000,8,1,duckdb,0,19113063,133.88671875
duplicate_strings,base,1000000,8,1,duckdb,1,19868775,133.88671875
duplicate_strings,base,1000000,8,1,duckdb,2,19500164,133.88671875
duplicate_strings,base,1000000,8,1,duckdb,3,19489525,133.88671875
duplicate_strings,base,1000000,8,1,duckdb,4,20248026,133.88671875
duplicate_strings,base,1000000,8,1,mojo,0,138527190,244.390625
duplicate_strings,base,1000000,8,1,mojo,1,131564180,244.390625
duplicate_strings,base,1000000,8,1,mojo,2,130359280,244.390625
duplicate_strings,base,1000000,8,1,mojo,3,144489224,244.390625
duplicate_strings,base,1000000,8,1,mojo,4,117287878,244.390625
duplicate_strings,base,1000000,8,2,duckdb,0,27703004,140.203125
duplicate_strings,base,1000000,8,2,duckdb,1,19678020,140.203125
duplicate_strings,base,1000000,8,2,duckdb,2,19026265,140.203125
duplicate_strings,base,1000000,8,2,duckdb,3,19270439,140.203125
duplicate_strings,base,1000000,8,2,duckdb,4,19333368,140.203125
duplicate_strings,base,1000000,8,2,mojo,0,132720822,245.17578125
duplicate_strings,base,1000000,8,2,mojo,1,135912974,245.17578125
duplicate_strings,base,1000000,8,2,mojo,2,122346756,245.17578125
duplicate_strings,base,1000000,8,2,mojo,3,129440462,245.17578125
duplicate_strings,base,1000000,8,2,mojo,4,141087769,245.17578125
duplicate_strings,base,1000000,8,2,polars,0,109351353,380.703125
duplicate_strings,base,1000000,8,2,polars,1,103928754,380.703125
duplicate_strings,base,1000000,8,2,polars,2,117754068,380.703125
duplicate_strings,base,1000000,8,2,polars,3,110370248,380.703125
duplicate_strings,base,1000000,8,2,polars,4,107419240,380.703125
duplicate_strings,shuffled,1000000,8,0,mojo,0,144946125,241.78125
duplicate_strings,shuffled,1000000,8,0,mojo,1,139106197,241.78125
duplicate_strings,shuffled,1000000,8,0,mojo,2,142067436,241.78125
duplicate_strings,shuffled,1000000,8,0,mojo,3,134398652,241.78125
duplicate_strings,shuffled,1000000,8,0,mojo,4,139913968,241.78125
duplicate_strings,shuffled,1000000,8,0,polars,0,154062353,439.94140625
duplicate_strings,shuffled,1000000,8,0,polars,1,159384554,439.94140625
duplicate_strings,shuffled,1000000,8,0,polars,2,162824690,439.94140625
duplicate_strings,shuffled,1000000,8,0,polars,3,189046401,439.94140625
duplicate_strings,shuffled,1000000,8,0,polars,4,156312069,439.94140625
duplicate_strings,shuffled,1000000,8,0,duckdb,0,21879086,133.5078125
duplicate_strings,shuffled,1000000,8,0,duckdb,1,21886776,133.5078125
duplicate_strings,shuffled,1000000,8,0,duckdb,2,21620033,133.5078125
duplicate_strings,shuffled,1000000,8,0,duckdb,3,21929026,133.5078125
duplicate_strings,shuffled,1000000,8,0,duckdb,4,21673582,133.5078125
duplicate_strings,shuffled,1000000,8,1,polars,0,167981395,377.140625
duplicate_strings,shuffled,1000000,8,1,polars,1,175862663,377.140625
duplicate_strings,shuffled,1000000,8,1,polars,2,158593034,377.140625
duplicate_strings,shuffled,1000000,8,1,polars,3,161968572,377.140625
duplicate_strings,shuffled,1000000,8,1,polars,4,165918046,377.140625
duplicate_strings,shuffled,1000000,8,1,duckdb,0,22179510,135.4140625
duplicate_strings,shuffled,1000000,8,1,duckdb,1,22837664,135.4140625
duplicate_strings,shuffled,1000000,8,1,duckdb,2,22945831,135.4140625
duplicate_strings,shuffled,1000000,8,1,duckdb,3,21981124,135.4140625
duplicate_strings,shuffled,1000000,8,1,duckdb,4,23161916,135.4140625
duplicate_strings,shuffled,1000000,8,1,mojo,0,145638620,237.5703125
duplicate_strings,shuffled,1000000,8,1,mojo,1,151943327,237.5703125
duplicate_strings,shuffled,1000000,8,1,mojo,2,129924354,237.5703125
duplicate_strings,shuffled,1000000,8,1,mojo,3,128889819,237.5703125
duplicate_strings,shuffled,1000000,8,1,mojo,4,124659472,237.5703125
duplicate_strings,shuffled,1000000,8,2,duckdb,0,21721750,133.375
duplicate_strings,shuffled,1000000,8,2,duckdb,1,21711381,133.375
duplicate_strings,shuffled,1000000,8,2,duckdb,2,22905071,133.375
duplicate_strings,shuffled,1000000,8,2,duckdb,3,22961671,133.375
duplicate_strings,shuffled,1000000,8,2,duckdb,4,22825184,133.375
duplicate_strings,shuffled,1000000,8,2,mojo,0,145730260,233.40625
duplicate_strings,shuffled,1000000,8,2,mojo,1,138608463,233.40625
duplicate_strings,shuffled,1000000,8,2,mojo,2,136677070,233.40625
duplicate_strings,shuffled,1000000,8,2,mojo,3,140468967,233.40625
duplicate_strings,shuffled,1000000,8,2,mojo,4,141314337,233.40625
duplicate_strings,shuffled,1000000,8,2,polars,0,156802451,443.6875
duplicate_strings,shuffled,1000000,8,2,polars,1,161577564,443.6875
duplicate_strings,shuffled,1000000,8,2,polars,2,164560312,443.6875
duplicate_strings,shuffled,1000000,8,2,polars,3,189825576,443.6875
duplicate_strings,shuffled,1000000,8,2,polars,4,157347377,443.6875
highcardinality,base,10000000,8,0,mojo,0,74164603,322.42578125
highcardinality,base,10000000,8,0,mojo,1,41788873,322.42578125
highcardinality,base,10000000,8,0,mojo,2,41767272,322.42578125
highcardinality,base,10000000,8,0,mojo,3,41433641,322.42578125
highcardinality,base,10000000,8,0,mojo,4,42071495,322.42578125
highcardinality,base,10000000,8,0,polars,0,7160906,357.38671875
highcardinality,base,10000000,8,0,polars,1,6439073,357.38671875
highcardinality,base,10000000,8,0,polars,2,6500602,357.38671875
highcardinality,base,10000000,8,0,polars,3,6304566,357.38671875
highcardinality,base,10000000,8,0,polars,4,6907101,357.38671875
highcardinality,base,10000000,8,0,duckdb,0,1814926,406.62890625
highcardinality,base,10000000,8,0,duckdb,1,1690309,406.62890625
highcardinality,base,10000000,8,0,duckdb,2,1730448,406.62890625
highcardinality,base,10000000,8,0,duckdb,3,1699149,406.62890625
highcardinality,base,10000000,8,0,duckdb,4,1576212,406.62890625
highcardinality,base,10000000,8,1,polars,0,6093752,356.87109375
highcardinality,base,10000000,8,1,polars,1,5960815,356.87109375
highcardinality,base,10000000,8,1,polars,2,6011164,356.87109375
highcardinality,base,10000000,8,1,polars,3,6035663,356.87109375
highcardinality,base,10000000,8,1,polars,4,6425124,356.87109375
highcardinality,base,10000000,8,1,duckdb,0,1580132,406.53125
highcardinality,base,10000000,8,1,duckdb,1,1714238,406.53125
highcardinality,base,10000000,8,1,duckdb,2,1592291,406.53125
highcardinality,base,10000000,8,1,duckdb,3,1768737,406.53125
highcardinality,base,10000000,8,1,duckdb,4,1525612,406.53125
highcardinality,base,10000000,8,1,mojo,0,73898591,323.2890625
highcardinality,base,10000000,8,1,mojo,1,41996128,323.2890625
highcardinality,base,10000000,8,1,mojo,2,41897450,323.2890625
highcardinality,base,10000000,8,1,mojo,3,41937129,323.2890625
highcardinality,base,10000000,8,1,mojo,4,42121495,323.2890625
highcardinality,base,10000000,8,2,duckdb,0,1785846,435.765625
highcardinality,base,10000000,8,2,duckdb,1,1676209,435.765625
highcardinality,base,10000000,8,2,duckdb,2,1629260,435.765625
highcardinality,base,10000000,8,2,duckdb,3,1681939,435.765625
highcardinality,base,10000000,8,2,duckdb,4,1610070,435.765625
highcardinality,base,10000000,8,2,mojo,0,74223863,324.93359375
highcardinality,base,10000000,8,2,mojo,1,41931439,324.93359375
highcardinality,base,10000000,8,2,mojo,2,42033516,324.93359375
highcardinality,base,10000000,8,2,mojo,3,41568058,324.93359375
highcardinality,base,10000000,8,2,mojo,4,42146274,324.93359375
highcardinality,base,10000000,8,2,polars,0,6774535,357.2890625
highcardinality,base,10000000,8,2,polars,1,6013484,357.2890625
highcardinality,base,10000000,8,2,polars,2,5922406,357.2890625
highcardinality,base,10000000,8,2,polars,3,6267377,357.2890625
highcardinality,base,10000000,8,2,polars,4,6250348,357.2890625
highcardinality,shuffled,10000000,8,0,mojo,0,738441891,1290.44140625
highcardinality,shuffled,10000000,8,0,mojo,1,715032442,1290.44140625
highcardinality,shuffled,10000000,8,0,mojo,2,726766589,1290.44140625
highcardinality,shuffled,10000000,8,0,mojo,3,736575962,1290.44140625
highcardinality,shuffled,10000000,8,0,mojo,4,727868706,1290.44140625
highcardinality,shuffled,10000000,8,0,polars,0,6475712,357.5546875
highcardinality,shuffled,10000000,8,0,polars,1,6230008,357.5546875
highcardinality,shuffled,10000000,8,0,polars,2,6028463,357.5546875
highcardinality,shuffled,10000000,8,0,polars,3,6591639,357.5546875
highcardinality,shuffled,10000000,8,0,polars,4,6515802,357.5546875
highcardinality,shuffled,10000000,8,0,duckdb,0,4380434,413.8828125
highcardinality,shuffled,10000000,8,0,duckdb,1,4587498,413.8828125
highcardinality,shuffled,10000000,8,0,duckdb,2,4543560,413.8828125
highcardinality,shuffled,10000000,8,0,duckdb,3,4530559,413.8828125
highcardinality,shuffled,10000000,8,0,duckdb,4,4557959,413.8828125
highcardinality,shuffled,10000000,8,1,polars,0,6613840,356.9765625
highcardinality,shuffled,10000000,8,1,polars,1,6090342,356.9765625
highcardinality,shuffled,10000000,8,1,polars,2,6090252,356.9765625
highcardinality,shuffled,10000000,8,1,polars,3,6593120,356.9765625
highcardinality,shuffled,10000000,8,1,polars,4,6171430,356.9765625
highcardinality,shuffled,10000000,8,1,duckdb,0,4464102,412.58203125
highcardinality,shuffled,10000000,8,1,duckdb,1,4454512,412.58203125
highcardinality,shuffled,10000000,8,1,duckdb,2,4619488,412.58203125
highcardinality,shuffled,10000000,8,1,duckdb,3,4332855,412.58203125
highcardinality,shuffled,10000000,8,1,duckdb,4,4253897,412.58203125
highcardinality,shuffled,10000000,8,1,mojo,0,727322569,1265.04296875
highcardinality,shuffled,10000000,8,1,mojo,1,725647072,1265.04296875
highcardinality,shuffled,10000000,8,1,mojo,2,722270815,1265.04296875
highcardinality,shuffled,10000000,8,1,mojo,3,729275768,1265.04296875
highcardinality,shuffled,10000000,8,1,mojo,4,722941743,1265.04296875
highcardinality,shuffled,10000000,8,2,duckdb,0,4518721,413.09375
highcardinality,shuffled,10000000,8,2,duckdb,1,4864172,413.09375
highcardinality,shuffled,10000000,8,2,duckdb,2,4513361,413.09375
highcardinality,shuffled,10000000,8,2,duckdb,3,4520150,413.09375
highcardinality,shuffled,10000000,8,2,duckdb,4,4613228,413.09375
highcardinality,shuffled,10000000,8,2,mojo,0,760016289,1266.58984375
highcardinality,shuffled,10000000,8,2,mojo,1,732264675,1266.58984375
highcardinality,shuffled,10000000,8,2,mojo,2,766812989,1266.58984375
highcardinality,shuffled,10000000,8,2,mojo,3,761574077,1266.58984375
highcardinality,shuffled,10000000,8,2,mojo,4,758747988,1266.58984375
highcardinality,shuffled,10000000,8,2,polars,0,6719587,356.9296875
highcardinality,shuffled,10000000,8,2,polars,1,6728456,356.9296875
highcardinality,shuffled,10000000,8,2,polars,2,6748966,356.9296875
highcardinality,shuffled,10000000,8,2,polars,3,6667918,356.9296875
highcardinality,shuffled,10000000,8,2,polars,4,6389885,356.9296875
highcardinality,wide,10000000,8,0,mojo,0,736472586,1282.6640625
highcardinality,wide,10000000,8,0,mojo,1,728844584,1282.6640625
highcardinality,wide,10000000,8,0,mojo,2,744358158,1282.6640625
highcardinality,wide,10000000,8,0,mojo,3,737089387,1282.6640625
highcardinality,wide,10000000,8,0,mojo,4,734333914,1282.6640625
highcardinality,wide,10000000,8,0,polars,0,6882473,406.2109375
highcardinality,wide,10000000,8,0,polars,1,6415094,406.2109375
highcardinality,wide,10000000,8,0,polars,2,6445863,406.2109375
highcardinality,wide,10000000,8,0,polars,3,6539721,406.2109375
highcardinality,wide,10000000,8,0,polars,4,6312317,406.2109375
highcardinality,wide,10000000,8,0,duckdb,0,10057016,464.58203125
highcardinality,wide,10000000,8,0,duckdb,1,9718364,464.58203125
highcardinality,wide,10000000,8,0,duckdb,2,9849731,464.58203125
highcardinality,wide,10000000,8,0,duckdb,3,9390712,464.58203125
highcardinality,wide,10000000,8,0,duckdb,4,9461390,464.58203125
highcardinality,wide,10000000,8,1,polars,0,6535352,405.609375
highcardinality,wide,10000000,8,1,polars,1,6389825,405.609375
highcardinality,wide,10000000,8,1,polars,2,6338286,405.609375
highcardinality,wide,10000000,8,1,polars,3,6838744,405.609375
highcardinality,wide,10000000,8,1,polars,4,6636379,405.609375
highcardinality,wide,10000000,8,1,duckdb,0,9777282,464.83984375
highcardinality,wide,10000000,8,1,duckdb,1,9601907,464.83984375
highcardinality,wide,10000000,8,1,duckdb,2,9642426,464.83984375
highcardinality,wide,10000000,8,1,duckdb,3,9592548,464.83984375
highcardinality,wide,10000000,8,1,duckdb,4,11992299,464.83984375
highcardinality,wide,10000000,8,1,mojo,0,739835893,1290.11328125
highcardinality,wide,10000000,8,1,mojo,1,742141618,1290.11328125
highcardinality,wide,10000000,8,1,mojo,2,756132571,1290.11328125
highcardinality,wide,10000000,8,1,mojo,3,728925443,1290.11328125
highcardinality,wide,10000000,8,1,mojo,4,740858265,1290.11328125
highcardinality,wide,10000000,8,2,duckdb,0,8931513,449.79296875
highcardinality,wide,10000000,8,2,duckdb,1,8820526,449.79296875
highcardinality,wide,10000000,8,2,duckdb,2,8895684,449.79296875
highcardinality,wide,10000000,8,2,duckdb,3,9066090,449.79296875
highcardinality,wide,10000000,8,2,duckdb,4,8769378,449.79296875
highcardinality,wide,10000000,8,2,mojo,0,734180574,1255.515625
highcardinality,wide,10000000,8,2,mojo,1,728342527,1255.515625
highcardinality,wide,10000000,8,2,mojo,2,747323159,1255.515625
highcardinality,wide,10000000,8,2,mojo,3,742908418,1255.515625
highcardinality,wide,10000000,8,2,mojo,4,726485176,1255.515625
highcardinality,wide,10000000,8,2,polars,0,6376745,405.12109375
highcardinality,wide,10000000,8,2,polars,1,6353946,405.12109375
highcardinality,wide,10000000,8,2,polars,2,6395915,405.12109375
highcardinality,wide,10000000,8,2,polars,3,6343006,405.12109375
highcardinality,wide,10000000,8,2,polars,4,6500562,405.12109375
duplicate_strings,base,10000000,8,0,mojo,0,1506140097,2757.3671875
duplicate_strings,base,10000000,8,0,mojo,1,1431062400,2757.3671875
duplicate_strings,base,10000000,8,0,mojo,2,1505010029,2757.3671875
duplicate_strings,base,10000000,8,0,mojo,3,1587749204,2757.3671875
duplicate_strings,base,10000000,8,0,mojo,4,1515355373,2757.3671875
duplicate_strings,base,10000000,8,0,polars,0,1349402041,2295.5390625
duplicate_strings,base,10000000,8,0,polars,1,1281540207,2295.5390625
duplicate_strings,base,10000000,8,0,polars,2,1367958514,2295.5390625
duplicate_strings,base,10000000,8,0,polars,3,1313549184,2295.5390625
duplicate_strings,base,10000000,8,0,polars,4,1383649997,2295.5390625
duplicate_strings,base,10000000,8,0,duckdb,0,53253414,520.80859375
duplicate_strings,base,10000000,8,0,duckdb,1,50372293,520.80859375
duplicate_strings,base,10000000,8,0,duckdb,2,50711495,520.80859375
duplicate_strings,base,10000000,8,0,duckdb,3,52825304,520.80859375
duplicate_strings,base,10000000,8,0,duckdb,4,50893511,520.80859375
duplicate_strings,base,10000000,8,1,polars,0,1338760589,2318.83984375
duplicate_strings,base,10000000,8,1,polars,1,1409593475,2318.83984375
duplicate_strings,base,10000000,8,1,polars,2,1367676483,2318.83984375
duplicate_strings,base,10000000,8,1,polars,3,1366790799,2318.83984375
duplicate_strings,base,10000000,8,1,polars,4,1380000196,2318.83984375
duplicate_strings,base,10000000,8,1,duckdb,0,53794992,553.62109375
duplicate_strings,base,10000000,8,1,duckdb,1,49971505,553.62109375
duplicate_strings,base,10000000,8,1,duckdb,2,51811100,553.62109375
duplicate_strings,base,10000000,8,1,duckdb,3,50596360,553.62109375
duplicate_strings,base,10000000,8,1,duckdb,4,51932268,553.62109375
duplicate_strings,base,10000000,8,1,mojo,0,1656925259,2636.19921875
duplicate_strings,base,10000000,8,1,mojo,1,1573139059,2636.19921875
duplicate_strings,base,10000000,8,1,mojo,2,1542437565,2636.19921875
duplicate_strings,base,10000000,8,1,mojo,3,1617913394,2636.19921875
duplicate_strings,base,10000000,8,1,mojo,4,1585834305,2636.19921875
duplicate_strings,base,10000000,8,2,duckdb,0,52932215,502.9921875
duplicate_strings,base,10000000,8,2,duckdb,1,52026677,502.9921875
duplicate_strings,base,10000000,8,2,duckdb,2,50016116,502.9921875
duplicate_strings,base,10000000,8,2,duckdb,3,53751236,502.9921875
duplicate_strings,base,10000000,8,2,duckdb,4,51701495,502.9921875
duplicate_strings,base,10000000,8,2,mojo,0,1712970026,2579.7578125
duplicate_strings,base,10000000,8,2,mojo,1,1683454796,2579.7578125
duplicate_strings,base,10000000,8,2,mojo,2,1546017502,2579.7578125
duplicate_strings,base,10000000,8,2,mojo,3,1394286849,2579.7578125
duplicate_strings,base,10000000,8,2,mojo,4,1408537902,2579.7578125
duplicate_strings,base,10000000,8,2,polars,0,1332207502,2246.98828125
duplicate_strings,base,10000000,8,2,polars,1,1306385347,2246.98828125
duplicate_strings,base,10000000,8,2,polars,2,1303854204,2246.98828125
duplicate_strings,base,10000000,8,2,polars,3,1320508089,2246.98828125
duplicate_strings,base,10000000,8,2,polars,4,1285321329,2246.98828125
duplicate_strings,shuffled,10000000,8,0,mojo,0,1810291955,2773.984375
duplicate_strings,shuffled,10000000,8,0,mojo,1,1731062137,2773.984375
duplicate_strings,shuffled,10000000,8,0,mojo,2,1695483600,2773.984375
duplicate_strings,shuffled,10000000,8,0,mojo,3,1802263305,2773.984375
duplicate_strings,shuffled,10000000,8,0,mojo,4,1756363277,2773.984375
duplicate_strings,shuffled,10000000,8,0,polars,0,1813334291,2233.98828125
duplicate_strings,shuffled,10000000,8,0,polars,1,1446828278,2233.98828125
duplicate_strings,shuffled,10000000,8,0,polars,2,1889802583,2233.98828125
duplicate_strings,shuffled,10000000,8,0,polars,3,1895596025,2233.98828125
duplicate_strings,shuffled,10000000,8,0,polars,4,1787324220,2233.98828125
duplicate_strings,shuffled,10000000,8,0,duckdb,0,67189150,514.0859375
duplicate_strings,shuffled,10000000,8,0,duckdb,1,65142139,514.0859375
duplicate_strings,shuffled,10000000,8,0,duckdb,2,65829992,514.0859375
duplicate_strings,shuffled,10000000,8,0,duckdb,3,62084102,514.0859375
duplicate_strings,shuffled,10000000,8,0,duckdb,4,62771755,514.0859375
duplicate_strings,shuffled,10000000,8,1,polars,0,1839012277,2262.328125
duplicate_strings,shuffled,10000000,8,1,polars,1,1468448842,2262.328125
duplicate_strings,shuffled,10000000,8,1,polars,2,1467679705,2262.328125
duplicate_strings,shuffled,10000000,8,1,polars,3,1574861745,2262.328125
duplicate_strings,shuffled,10000000,8,1,polars,4,1883029587,2262.328125
duplicate_strings,shuffled,10000000,8,1,duckdb,0,65255898,522.7734375
duplicate_strings,shuffled,10000000,8,1,duckdb,1,65697667,522.7734375
duplicate_strings,shuffled,10000000,8,1,duckdb,2,64692242,522.7734375
duplicate_strings,shuffled,10000000,8,1,duckdb,3,68362284,522.7734375
duplicate_strings,shuffled,10000000,8,1,duckdb,4,64253842,522.7734375
duplicate_strings,shuffled,10000000,8,1,mojo,0,1773819666,2947.87890625
duplicate_strings,shuffled,10000000,8,1,mojo,1,1591492275,2947.87890625
duplicate_strings,shuffled,10000000,8,1,mojo,2,1509465254,2947.87890625
duplicate_strings,shuffled,10000000,8,1,mojo,3,1586739382,2947.87890625
duplicate_strings,shuffled,10000000,8,1,mojo,4,1645895025,2947.87890625
duplicate_strings,shuffled,10000000,8,2,duckdb,0,66751215,505.26953125
duplicate_strings,shuffled,10000000,8,2,duckdb,1,66724615,505.26953125
duplicate_strings,shuffled,10000000,8,2,duckdb,2,68770826,505.26953125
duplicate_strings,shuffled,10000000,8,2,duckdb,3,70534654,505.26953125
duplicate_strings,shuffled,10000000,8,2,duckdb,4,65839677,505.26953125
duplicate_strings,shuffled,10000000,8,2,mojo,0,1901759345,2772.0234375
duplicate_strings,shuffled,10000000,8,2,mojo,1,1703199307,2772.0234375
duplicate_strings,shuffled,10000000,8,2,mojo,2,1588924924,2772.0234375
duplicate_strings,shuffled,10000000,8,2,mojo,3,1623894775,2772.0234375
duplicate_strings,shuffled,10000000,8,2,mojo,4,1597727556,2772.0234375
duplicate_strings,shuffled,10000000,8,2,polars,0,1825515029,2328.71484375
duplicate_strings,shuffled,10000000,8,2,polars,1,1970103988,2328.71484375
duplicate_strings,shuffled,10000000,8,2,polars,2,1885002847,2328.71484375
duplicate_strings,shuffled,10000000,8,2,polars,3,1849353906,2328.71484375
duplicate_strings,shuffled,10000000,8,2,polars,4,1811867859,2328.71484375
