machine,rows,bytes,threads,batch_size,round,streaming,ns,peak_rss_bytes
Threadripper3970X,1000000,106788902,4,65536,0,0,178892363,147103744
Threadripper3970X,1000000,106788902,4,65536,0,1,128279138,62566400
Threadripper3970X,1000000,106788902,4,65536,1,1,150774772,60764160
Threadripper3970X,1000000,106788902,4,65536,1,0,196423363,147075072
Threadripper3970X,1000000,106788902,4,65536,2,0,151932558,147038208
Threadripper3970X,1000000,106788902,4,65536,2,1,144643900,61509632
Threadripper3970X,1000000,106788902,8,65536,0,0,105990460,146853888
Threadripper3970X,1000000,106788902,8,65536,0,1,105553173,91983872
Threadripper3970X,1000000,106788902,8,65536,1,1,94675472,94146560
Threadripper3970X,1000000,106788902,8,65536,1,0,107243917,147648512
Threadripper3970X,1000000,106788902,8,65536,2,0,98202783,147161088
Threadripper3970X,1000000,106788902,8,65536,2,1,94784511,92028928
Threadripper3970X,1000000,106788902,16,65536,0,0,69416053,147906560
Threadripper3970X,1000000,106788902,16,65536,0,1,66201908,158220288
Threadripper3970X,1000000,106788902,16,65536,1,1,68772296,151896064
Threadripper3970X,1000000,106788902,16,65536,1,0,68736356,147099648
Threadripper3970X,1000000,106788902,16,65536,2,0,71341145,147808256
Threadripper3970X,1000000,106788902,16,65536,2,1,66382486,154902528
Threadripper3970X,10000000,1077888902,4,65536,0,0,1455241134,1292660736
Threadripper3970X,10000000,1077888902,4,65536,0,1,1599998674,65695744
Threadripper3970X,10000000,1077888902,4,65536,1,1,1336059280,65249280
Threadripper3970X,10000000,1077888902,4,65536,1,0,1579214702,1286901760
Threadripper3970X,10000000,1077888902,4,65536,2,0,1407782188,1288994816
Threadripper3970X,10000000,1077888902,4,65536,2,1,1119231929,68136960
Threadripper3970X,10000000,1077888902,8,65536,0,0,868290022,1270730752
Threadripper3970X,10000000,1077888902,8,65536,0,1,719903530,107393024
Threadripper3970X,10000000,1077888902,8,65536,1,1,958381932,102797312
Threadripper3970X,10000000,1077888902,8,65536,1,0,903207328,1269678080
Threadripper3970X,10000000,1077888902,8,65536,2,0,964260448,1270259712
Threadripper3970X,10000000,1077888902,8,65536,2,1,886850918,106827776
Threadripper3970X,10000000,1077888902,16,65536,0,0,655046537,1278066688
Threadripper3970X,10000000,1077888902,16,65536,0,1,630365053,182640640
Threadripper3970X,10000000,1077888902,16,65536,1,1,560624828,180633600
Threadripper3970X,10000000,1077888902,16,65536,1,0,579681124,1278943232
Threadripper3970X,10000000,1077888902,16,65536,2,0,609871953,1277157376
Threadripper3970X,10000000,1077888902,16,65536,2,1,631697032,180043776
AppleM1,1000000,106788902,4,65536,0,0,89580000,145276928
AppleM1,1000000,106788902,4,65536,0,1,64777000,55246848
AppleM1,1000000,106788902,4,65536,1,1,64717000,56360960
AppleM1,1000000,106788902,4,65536,1,0,60272000,145506304
AppleM1,1000000,106788902,4,65536,2,0,60432000,145620992
AppleM1,1000000,106788902,4,65536,2,1,64820000,56115200
AppleM1,1000000,106788902,8,65536,0,0,52516000,144424960
AppleM1,1000000,106788902,8,65536,0,1,61406000,85901312
AppleM1,1000000,106788902,8,65536,1,1,57653000,86671360
AppleM1,1000000,106788902,8,65536,1,0,51807000,144424960
AppleM1,1000000,106788902,8,65536,2,0,52486000,143622144
AppleM1,1000000,106788902,8,65536,2,1,59786000,87359488
AppleM1,1000000,106788902,16,65536,0,0,54809000,147849216
AppleM1,1000000,106788902,16,65536,0,1,58724000,144146432
AppleM1,1000000,106788902,16,65536,1,1,57501000,146210816
AppleM1,1000000,106788902,16,65536,1,0,54790000,146997248
AppleM1,1000000,106788902,16,65536,2,0,55145000,147488768
AppleM1,1000000,106788902,16,65536,2,1,58996000,145162240
AppleM1,10000000,1077888902,4,65536,0,0,615078000,1334263808
AppleM1,10000000,1077888902,4,65536,0,1,668820000,57769984
AppleM1,10000000,1077888902,4,65536,1,1,659626000,57769984
AppleM1,10000000,1077888902,4,65536,1,0,619427000,1397391360
AppleM1,10000000,1077888902,4,65536,2,0,623051000,1320910848
AppleM1,10000000,1077888902,4,65536,2,1,660628000,57360384
AppleM1,10000000,1077888902,8,65536,0,0,507504000,1313947648
AppleM1,10000000,1077888902,8,65536,0,1,596138000,97222656
AppleM1,10000000,1077888902,8,65536,1,1,611294000,95469568
AppleM1,10000000,1077888902,8,65536,1,0,494737000,1336868864
AppleM1,10000000,1077888902,8,65536,2,0,504998000,1315127296
AppleM1,10000000,1077888902,8,65536,2,1,606491000,95584256
AppleM1,10000000,1077888902,16,65536,0,0,489493000,1330364416
AppleM1,10000000,1077888902,16,65536,0,1,613035000,167084032
AppleM1,10000000,1077888902,16,65536,1,1,603765000,165937152
AppleM1,10000000,1077888902,16,65536,1,0,489446000,1329725440
AppleM1,10000000,1077888902,16,65536,2,0,491559000,1337917440
AppleM1,10000000,1077888902,16,65536,2,1,611272000,168181760
