rows,round,variant,ns,chunks,peak_rss_bytes
1000000,0,baseline,71365698,1,179830784
1000000,0,candidate,62393650,4,121200640
1000000,1,candidate,65217912,4,119730176
1000000,1,baseline,71894636,1,179789824
1000000,2,baseline,70543445,1,180428800
1000000,2,candidate,67300373,4,118566912
10000000,0,baseline,549225430,1,1577021440
10000000,0,candidate,578023380,40,723484672
10000000,1,candidate,582327778,40,710889472
10000000,1,baseline,545416680,1,1575477248
10000000,2,baseline,548105111,1,1576562688
10000000,2,candidate,635814293,40,707928064
