rows,shape,round,variant,threads,ns
100000,lookup,0,baseline,32,1335064
100000,lookup,0,baseline,32,994651
100000,lookup,0,baseline,32,993931
100000,lookup,0,baseline,32,1013891
100000,lookup,0,baseline,32,995051
100000,lookup,0,candidate,32,1339753
100000,lookup,0,candidate,32,1011321
100000,lookup,0,candidate,32,1006311
100000,lookup,0,candidate,32,1016630
100000,lookup,0,candidate,32,1015391
100000,lookup,0,no_runs,32,1971152
100000,lookup,0,no_runs,32,1549130
100000,lookup,0,no_runs,32,1263906
100000,lookup,0,no_runs,32,945472
100000,lookup,0,no_runs,32,943471
100000,lookup,1,no_runs,32,1273056
100000,lookup,1,no_runs,32,958611
100000,lookup,1,no_runs,32,945682
100000,lookup,1,no_runs,32,937002
100000,lookup,1,no_runs,32,931062
100000,lookup,1,candidate,32,1321254
100000,lookup,1,candidate,32,1031760
100000,lookup,1,candidate,32,1004521
100000,lookup,1,candidate,32,1064059
100000,lookup,1,candidate,32,1003521
100000,lookup,1,baseline,32,1310404
100000,lookup,1,baseline,32,1006791
100000,lookup,1,baseline,32,1009471
100000,lookup,1,baseline,32,993561
100000,lookup,1,baseline,32,995261
100000,calendar,0,baseline,32,13456982
100000,calendar,0,baseline,32,12119227
100000,calendar,0,baseline,32,13094439
100000,calendar,0,baseline,32,12071578
100000,calendar,0,baseline,32,13212836
100000,calendar,0,candidate,32,1724077
100000,calendar,0,candidate,32,1368753
100000,calendar,0,candidate,32,1367914
100000,calendar,0,candidate,32,1364554
100000,calendar,0,candidate,32,1391503
100000,calendar,0,no_runs,32,1642348
100000,calendar,0,no_runs,32,1418313
100000,calendar,0,no_runs,32,1323854
100000,calendar,0,no_runs,32,1327405
100000,calendar,0,no_runs,32,1326374
100000,calendar,1,no_runs,32,1634078
100000,calendar,1,no_runs,32,1358644
100000,calendar,1,no_runs,32,1324184
100000,calendar,1,no_runs,32,1326145
100000,calendar,1,no_runs,32,1313185
100000,calendar,1,candidate,32,1705857
100000,calendar,1,candidate,32,1381913
100000,calendar,1,candidate,32,1368064
100000,calendar,1,candidate,32,1382693
100000,calendar,1,candidate,32,1382434
100000,calendar,1,baseline,32,16561772
100000,calendar,1,baseline,32,14756636
100000,calendar,1,baseline,32,13839884
100000,calendar,1,baseline,32,12351733
100000,calendar,1,baseline,32,13872823
100000,panel,0,baseline,32,20574665
100000,panel,0,baseline,32,16532592
100000,panel,0,baseline,32,17061572
100000,panel,0,baseline,32,16749919
100000,panel,0,baseline,32,16330207
100000,panel,0,candidate,32,8353790
100000,panel,0,candidate,32,8188833
100000,panel,0,candidate,32,8097245
100000,panel,0,candidate,32,8140863
100000,panel,0,candidate,32,8233092
100000,panel,0,no_runs,32,19671782
100000,panel,0,no_runs,32,16845196
100000,panel,0,no_runs,32,15850396
100000,panel,0,no_runs,32,16860706
100000,panel,0,no_runs,32,16245858
100000,panel,1,no_runs,32,19374728
100000,panel,1,no_runs,32,19365298
100000,panel,1,no_runs,32,16737398
100000,panel,1,no_runs,32,17306247
100000,panel,1,no_runs,32,16523563
100000,panel,1,candidate,32,8248291
100000,panel,1,candidate,32,8373169
100000,panel,1,candidate,32,8152893
100000,panel,1,candidate,32,8169983
100000,panel,1,candidate,32,8069235
100000,panel,1,baseline,32,19024064
100000,panel,1,baseline,32,16902486
100000,panel,1,baseline,32,19375548
100000,panel,1,baseline,32,17343147
100000,panel,1,baseline,32,16239168
100000,missing,0,baseline,32,19638132
100000,missing,0,baseline,32,18632412
100000,missing,0,baseline,32,16741229
100000,missing,0,baseline,32,16122460
100000,missing,0,baseline,32,16461623
100000,missing,0,candidate,32,20491557
100000,missing,0,candidate,32,16546722
100000,missing,0,candidate,32,16244848
100000,missing,0,candidate,32,15393924
100000,missing,0,candidate,32,16414175
100000,missing,0,no_runs,32,18619202
100000,missing,0,no_runs,32,14869435
100000,missing,0,no_runs,32,14658829
100000,missing,0,no_runs,32,18079422
100000,missing,0,no_runs,32,17496204
100000,missing,1,no_runs,32,19511556
100000,missing,1,no_runs,32,17379427
100000,missing,1,no_runs,32,16022082
100000,missing,1,no_runs,32,15507653
100000,missing,1,no_runs,32,16794598
100000,missing,1,candidate,32,19201572
100000,missing,1,candidate,32,15243448
100000,missing,1,candidate,32,15683309
100000,missing,1,candidate,32,17723979
100000,missing,1,candidate,32,17447675
100000,missing,1,baseline,32,21041856
100000,missing,1,baseline,32,16747038
100000,missing,1,baseline,32,16414075
100000,missing,1,baseline,32,16314796
100000,missing,1,baseline,32,16663150
100000,shuffled,0,baseline,32,18879228
100000,shuffled,0,baseline,32,16920734
100000,shuffled,0,baseline,32,14446613
100000,shuffled,0,baseline,32,16553852
100000,shuffled,0,baseline,32,16339297
100000,shuffled,0,candidate,32,20141753
100000,shuffled,0,candidate,32,16797157
100000,shuffled,0,candidate,32,17363237
100000,shuffled,0,candidate,32,16092601
100000,shuffled,0,candidate,32,16514962
100000,shuffled,0,no_runs,32,18736070
100000,shuffled,0,no_runs,32,17770069
100000,shuffled,0,no_runs,32,16219158
100000,shuffled,0,no_runs,32,15795697
100000,shuffled,0,no_runs,32,15829506
100000,shuffled,1,no_runs,32,18079663
100000,shuffled,1,no_runs,32,18307409
100000,shuffled,1,no_runs,32,16822757
100000,shuffled,1,no_runs,32,15626069
100000,shuffled,1,no_runs,32,15887665
100000,shuffled,1,candidate,32,18840098
100000,shuffled,1,candidate,32,18789419
100000,shuffled,1,candidate,32,16814087
100000,shuffled,1,candidate,32,15547681
100000,shuffled,1,candidate,32,15715848
100000,shuffled,1,baseline,32,20426727
100000,shuffled,1,baseline,32,17156290
100000,shuffled,1,baseline,32,16557452
100000,shuffled,1,baseline,32,16226288
100000,shuffled,1,baseline,32,18029434
1000000,lookup,0,baseline,32,21108564
1000000,lookup,0,baseline,32,18935216
1000000,lookup,0,baseline,32,16878726
1000000,lookup,0,baseline,32,17025093
1000000,lookup,0,baseline,32,17024573
1000000,lookup,0,candidate,32,20726112
1000000,lookup,0,candidate,32,20316479
1000000,lookup,0,candidate,32,16794968
1000000,lookup,0,candidate,32,16740789
1000000,lookup,0,candidate,32,17053343
1000000,lookup,0,no_runs,32,19989626
1000000,lookup,0,no_runs,32,18544994
1000000,lookup,0,no_runs,32,16485194
1000000,lookup,0,no_runs,32,16077610
1000000,lookup,0,no_runs,32,16175510
1000000,lookup,1,no_runs,32,20448527
1000000,lookup,1,no_runs,32,18236620
1000000,lookup,1,no_runs,32,16051182
1000000,lookup,1,no_runs,32,15946764
1000000,lookup,1,no_runs,32,15971353
1000000,lookup,1,candidate,32,20789511
1000000,lookup,1,candidate,32,19964787
1000000,lookup,1,candidate,32,16746478
1000000,lookup,1,candidate,32,16771368
1000000,lookup,1,candidate,32,16794747
1000000,lookup,1,baseline,32,20886219
1000000,lookup,1,baseline,32,19008604
1000000,lookup,1,baseline,32,16930005
1000000,lookup,1,baseline,32,16837226
1000000,lookup,1,baseline,32,16704909
1000000,calendar,0,baseline,32,51423392
1000000,calendar,0,baseline,32,37218585
1000000,calendar,0,baseline,32,38085559
1000000,calendar,0,baseline,32,37600767
1000000,calendar,0,baseline,32,37740865
1000000,calendar,0,candidate,32,25833854
1000000,calendar,0,candidate,32,22012137
1000000,calendar,0,candidate,32,21523887
1000000,calendar,0,candidate,32,21514307
1000000,calendar,0,candidate,32,21536296
1000000,calendar,0,no_runs,32,24668157
1000000,calendar,0,no_runs,32,20900518
1000000,calendar,0,no_runs,32,20320240
1000000,calendar,0,no_runs,32,20472747
1000000,calendar,0,no_runs,32,20532886
1000000,calendar,1,no_runs,32,24513389
1000000,calendar,1,no_runs,32,20517336
1000000,calendar,1,no_runs,32,20340590
1000000,calendar,1,no_runs,32,20149933
1000000,calendar,1,no_runs,32,20164622
1000000,calendar,1,candidate,32,24693656
1000000,calendar,1,candidate,32,21453678
1000000,calendar,1,candidate,32,20907579
1000000,calendar,1,candidate,32,21171233
1000000,calendar,1,candidate,32,20998507
1000000,calendar,1,baseline,32,50006139
1000000,calendar,1,baseline,32,37137327
1000000,calendar,1,baseline,32,36584358
1000000,calendar,1,baseline,32,35909950
1000000,calendar,1,baseline,32,35524018
1000000,panel,0,baseline,32,70560955
1000000,panel,0,baseline,32,69054714
1000000,panel,0,baseline,32,68844307
1000000,panel,0,baseline,32,70767491
1000000,panel,0,baseline,32,67879696
1000000,panel,0,candidate,32,56714311
1000000,panel,0,candidate,32,73393080
1000000,panel,0,candidate,32,72182914
1000000,panel,0,candidate,32,71092334
1000000,panel,0,candidate,32,70983947
1000000,panel,0,no_runs,32,72571716
1000000,panel,0,no_runs,32,71454757
1000000,panel,0,no_runs,32,71124164
1000000,panel,0,no_runs,32,71281101
1000000,panel,0,no_runs,32,71553135
1000000,panel,1,no_runs,32,72534517
1000000,panel,1,no_runs,32,75640267
1000000,panel,1,no_runs,32,70321289
1000000,panel,1,no_runs,32,71116894
1000000,panel,1,no_runs,32,71095735
1000000,panel,1,candidate,32,57617254
1000000,panel,1,candidate,32,69087524
1000000,panel,1,candidate,32,72543547
1000000,panel,1,candidate,32,70800530
1000000,panel,1,candidate,32,65972953
1000000,panel,1,baseline,32,75691946
1000000,panel,1,baseline,32,76171817
1000000,panel,1,baseline,32,73889921
1000000,panel,1,baseline,32,71177913
1000000,panel,1,baseline,32,71807551
1000000,missing,0,baseline,32,71885520
1000000,missing,0,baseline,32,71079654
1000000,missing,0,baseline,32,70981627
1000000,missing,0,baseline,32,69870729
1000000,missing,0,baseline,32,70444507
1000000,missing,0,candidate,32,70645503
1000000,missing,0,candidate,32,69984975
1000000,missing,0,candidate,32,71203962
1000000,missing,0,candidate,32,71750292
1000000,missing,0,candidate,32,69256300
1000000,missing,0,no_runs,32,79220107
1000000,missing,0,no_runs,32,71589005
1000000,missing,0,no_runs,32,71439798
1000000,missing,0,no_runs,32,69991876
1000000,missing,0,no_runs,32,70081595
1000000,missing,1,no_runs,32,74784683
1000000,missing,1,no_runs,32,71502937
1000000,missing,1,no_runs,32,69829999
1000000,missing,1,no_runs,32,71644024
1000000,missing,1,no_runs,32,71813360
1000000,missing,1,candidate,32,70933277
1000000,missing,1,candidate,32,72362750
1000000,missing,1,candidate,32,72053876
1000000,missing,1,candidate,32,69132312
1000000,missing,1,candidate,32,70685553
1000000,missing,1,baseline,32,70288380
1000000,missing,1,baseline,32,70399158
1000000,missing,1,baseline,32,69631533
1000000,missing,1,baseline,32,69913258
1000000,missing,1,baseline,32,69552293
1000000,shuffled,0,baseline,32,71806571
1000000,shuffled,0,baseline,32,72292741
1000000,shuffled,0,baseline,32,71197843
1000000,shuffled,0,baseline,32,70035535
1000000,shuffled,0,baseline,32,69833729
1000000,shuffled,0,candidate,32,73563627
1000000,shuffled,0,candidate,32,72758622
1000000,shuffled,0,candidate,32,72501797
1000000,shuffled,0,candidate,32,70857579
1000000,shuffled,0,candidate,32,71901629
1000000,shuffled,0,no_runs,32,71624415
1000000,shuffled,0,no_runs,32,73697445
1000000,shuffled,0,no_runs,32,72694394
1000000,shuffled,0,no_runs,32,70201812
1000000,shuffled,0,no_runs,32,71591985
1000000,shuffled,1,no_runs,32,71293081
1000000,shuffled,1,no_runs,32,72216283
1000000,shuffled,1,no_runs,32,70856300
1000000,shuffled,1,no_runs,32,70530875
1000000,shuffled,1,no_runs,32,71397739
1000000,shuffled,1,candidate,32,78170179
1000000,shuffled,1,candidate,32,70097554
1000000,shuffled,1,candidate,32,70388249
1000000,shuffled,1,candidate,32,70808491
1000000,shuffled,1,candidate,32,70419088
1000000,shuffled,1,baseline,32,72200863
1000000,shuffled,1,baseline,32,69421616
1000000,shuffled,1,baseline,32,71954508
1000000,shuffled,1,baseline,32,71591965
1000000,shuffled,1,baseline,32,70533695
